uid,categoria_t,marca,producto_t,precio_t,precio_y,max,date_max,min,date_min,cambio,link_t,imagen_t
5dcacc7fedd114693efc76c6b06833fe,telefonos,Kalley,Celular KALLEY ELEMENT 4 PLUS 8GB Negro,119900.0,,119900.0,07-07-20,119900.0,07-07-20,nuevo,http://www.alkosto.com/celular-kalley-element-4-plus-8gb-negro,https://media.aws.alkosto.com/media/catalog/product/cache/6/small_image/280x/4275c8e8146210f1c7867d9f605120ed/7/7/7705946436052_1.jpg
d3987dcf880ed9dbb67b203d9a1ded45,telefonos,Kalley,Celular KALLEY  ELEMENT 4 PLUS 8GB Blanco,119900.0,,119900.0,07-07-20,119900.0,07-07-20,nuevo,http://www.alkosto.com/celular-kalley-element-4-plus-8gb-blanco,https://media.aws.alkosto.com/media/catalog/product/cache/6/small_image/280x/4275c8e8146210f1c7867d9f605120ed/7/7/7705946436045_1.jpg
454dc30b4eb00b9bfc4712dc5bf11046,telefonos,Alcatel,Celular ALCATEL 1 16GB Negro,229000.0,329000.0,329000.0,06-07-20,229000.0,07-07-20,bajo,http://www.alkosto.com/celular-alcatel-1-16gb-negro,https://media.aws.alkosto.com/media/catalog/product/cache/6/small_image/280x/4275c8e8146210f1c7867d9f605120ed/4/8/4894461834153_6.jpg
edcade04e2ae97b39552e920c01ad200,telefonos,Kalley,Celular KALLEY ELEMENT PRO 2 DS 3G Dorado,229900.0,229900.0,229900.0,07-07-20,229900.0,07-07-20,igual,http://www.alkosto.com/celular-kalley-element-pro-2-ds-3g-dorado,https://media.aws.alkosto.com/media/catalog/product/cache/6/small_image/280x/4275c8e8146210f1c7867d9f605120ed/e/l/elementpro2-dorado-6.jpg
7f3d40f5645c744b3ab538589762e864,telefonos,Alcatel,Celular ALCATEL 1B 16GB Negro,269000.0,369000.0,369000.0,06-07-20,269000.0,07-07-20,bajo,http://www.alkosto.com/celular-alcatel-1b-16gb-negro,https://media.aws.alkosto.com/media/catalog/product/cache/6/small_image/280x/4275c8e8146210f1c7867d9f605120ed/4/8/4894461835006_10.jpg
153a38c8190dea2cd8946c2d8681d274,telefonos,Alcatel,Celular Alcatel 1 2019 - 16GB Negro,299900.0,,299900.0,07-07-20,299900.0,07-07-20,nuevo,http://www.alkosto.com/celular-alcatel-1-2019-16gb-negro,https://media.aws.alkosto.com/media/catalog/product/cache/6/small_image/280x/4275c8e8146210f1c7867d9f605120ed/4/8/4894461811000_7.jpg
2e3371057e4df016afd7e9b5a0a46c99,telefonos,Samsung,Celular SAMSUNG Galaxy J2 CORE 16 GB Azul,319900.0,319900.0,319900.0,07-07-20,319900.0,07-07-20,igual,http://www.alkosto.com/celular-samsung-galaxy-j2-core-16-gb-azul,https://media.aws.alkosto.com/media/catalog/product/cache/6/small_image/280x/4275c8e8146210f1c7867d9f605120ed/_/0/_0001_8806090398735-001-min.png
ba0cd43493f440ca1b426a2cbc4b9e07,telefonos,Huawei,Celular HUAWEI Y5 Neo 16GB DS Azul,319900.0,319900.0,319900.0,07-07-20,319900.0,07-07-20,igual,http://www.alkosto.com/celular-huawei-y5-neo-16gb-ds-azul,https://media.aws.alkosto.com/media/catalog/product/cache/6/small_image/280x/4275c8e8146210f1c7867d9f605120ed/6/9/6901443380596_001.jpg
eaa139c5c0d826cab9033af638aeeb5f,telefonos,Samsung,Celular SAMSUNG Galaxy J2 CORE 16 GB Negro,319900.0,319900.0,319900.0,07-07-20,319900.0,07-07-20,igual,http://www.alkosto.com/celular-samsung-galaxy-j2-core-16-gb-negro,https://media.aws.alkosto.com/media/catalog/product/cache/6/small_image/280x/4275c8e8146210f1c7867d9f605120ed/_/0/_0001_8806090398711-001-min.png
674737fbdb5e61339d5675ef4fbd9a6a,telefonos,Huawei,Celular HUAWEI Y5 Neo 16GB DS Café,319900.0,319900.0,319900.0,07-07-20,319900.0,07-07-20,igual,http://www.alkosto.com/celular-huawei-y5-neo-16gb-ds-cafe,https://media.aws.alkosto.com/media/catalog/product/cache/6/small_image/280x/4275c8e8146210f1c7867d9f605120ed/6/9/6901443380589_001.jpg
fdcb4e4bc33d0df728c4451dc990f094,telefonos,Samsung,Celular SAMSUNG Galaxy J2 CORE 16 GB Dorado,319900.0,319900.0,319900.0,07-07-20,319900.0,07-07-20,igual,http://www.alkosto.com/celular-samsung-galaxy-j2-core-16-gb-dorado,https://media.aws.alkosto.com/media/catalog/product/cache/6/small_image/280x/4275c8e8146210f1c7867d9f605120ed/_/0/_0001_8806090398728-001-min.png
a78b02600b5db97d1278e035fc68c136,telefonos,Motorola,Celular MOTOROLA E6 Play 32GB Azul,346900.0,346900.0,346900.0,07-07-20,346900.0,07-07-20,igual,http://www.alkosto.com/celular-motorola-e6-play-32gb-azul,https://media.aws.alkosto.com/media/catalog/product/cache/6/small_image/280x/4275c8e8146210f1c7867d9f605120ed/7/2/723755138414_16.jpg
befb01abe42130f1bb9df6c36632d879,telefonos,Motorola,Celular MOTOROLA E6 Play 32GB Negro,346900.0,346900.0,346900.0,07-07-20,346900.0,07-07-20,igual,http://www.alkosto.com/celular-motorola-e6-play-32gb-negro,https://media.aws.alkosto.com/media/catalog/product/cache/6/small_image/280x/4275c8e8146210f1c7867d9f605120ed/7/2/723755138421_17.jpg
8d46880d0be2193e100a05516930ec7c,telefonos,Huawei,Combo Celular Huawei Y5P 32GB Azul con HMS + Cover Case  con HMS,399900.0,399900.0,399900.0,07-07-20,399900.0,07-07-20,igual,http://www.alkosto.com/combo-celular-huawei-y5p-32gb-azul-cover-case,https://media.aws.alkosto.com/media/catalog/product/cache/6/small_image/280x/4275c8e8146210f1c7867d9f605120ed/_/0/_0004_7707467660640_001_1.jpg
a4a498212d84f797b7c04ae01a3cedea,telefonos,Samsung,Celular SAMSUNG Galaxy A01 - 32GB Negro,399900.0,399900.0,399900.0,07-07-20,399900.0,07-07-20,igual,http://www.alkosto.com/celular-samsung-galaxy-a01-32gb-negro,https://media.aws.alkosto.com/media/catalog/product/cache/6/small_image/280x/4275c8e8146210f1c7867d9f605120ed/8/8/8806090340215_2.jpg
9c3a33d4f61e86cf9ad2c6a959568c74,telefonos,Huawei,Combo Celular Huawei Y5P 32GB Verde con HMS + Cover Case con HMS,399900.0,399900.0,399900.0,07-07-20,399900.0,07-07-20,igual,http://www.alkosto.com/combo-celular-huawei-y5p-32gb-verde-cover-case,https://media.aws.alkosto.com/media/catalog/product/cache/6/small_image/280x/4275c8e8146210f1c7867d9f605120ed/_/0/_0001_7707467666635_001.jpg
39d07052c4f1877e790ec66bc994721b,telefonos,Samsung,Celular SAMSUNG Galaxy A01 - 32GB Rojo,399900.0,399900.0,399900.0,07-07-20,399900.0,07-07-20,igual,http://www.alkosto.com/celular-samsung-galaxy-a01-32gb-rojo,https://media.aws.alkosto.com/media/catalog/product/cache/6/small_image/280x/4275c8e8146210f1c7867d9f605120ed/8/8/8806090340109_2.jpg
3accec51985e6593a9c0f4826e53e20f,telefonos,Motorola,Celular MOTOROLA E6S 32GB Rojo,399900.0,399900.0,399900.0,07-07-20,399900.0,07-07-20,igual,http://www.alkosto.com/celular-motorola-e6s-32gb-rojo,https://media.aws.alkosto.com/media/catalog/product/cache/6/small_image/280x/4275c8e8146210f1c7867d9f605120ed/i/m/img7_5.jpg
c71b4921070d814dd9dc068f25623194,telefonos,Motorola,Celular MOTOROLA  E6S 32GB Gris - Meteor Grey ,399900.0,399900.0,399900.0,07-07-20,399900.0,07-07-20,igual,http://www.alkosto.com/celular-motorola-e6s-32gb-gris-meteor-grey,https://media.aws.alkosto.com/media/catalog/product/cache/6/small_image/280x/4275c8e8146210f1c7867d9f605120ed/_/0/_0006_840023205774-_4__1.png
9fd2d0e53d4d0dc3383c925eeb482264,telefonos,Motorola,Celular MOTOROLA  E6S 32GB Rosado - Electric Pink,399900.0,399900.0,399900.0,07-07-20,399900.0,07-07-20,igual,http://www.alkosto.com/celular-motorola-e6s-32gb-rosado-electric-pink,https://media.aws.alkosto.com/media/catalog/product/cache/6/small_image/280x/4275c8e8146210f1c7867d9f605120ed/_/0/_0000_840023205767-_9_.png
5a40e7184d07a12aa3843d4b5722eabe,telefonos,Motorola,Celular MOTOROLA E6S 32GB Azul,399900.0,399900.0,399900.0,07-07-20,399900.0,07-07-20,igual,http://www.alkosto.com/celular-motorola-e6s-32gb-azul,https://media.aws.alkosto.com/media/catalog/product/cache/6/small_image/280x/4275c8e8146210f1c7867d9f605120ed/i/m/imgen10.jpg
18c62a408d5988a5122cb7b41771c3af,telefonos,Nokia,Celular NOKIA 1.3 - 16GB Dorado,399900.0,399900.0,399900.0,07-07-20,399900.0,07-07-20,igual,http://www.alkosto.com/celular-nokia-1-3-16gb-dorado,https://media.aws.alkosto.com/media/catalog/product/cache/6/small_image/280x/4275c8e8146210f1c7867d9f605120ed/_/0/_0004_6438409046079_001.png
3aaa374d106d4223fdf22e61bcda364a,telefonos,Samsung,Celular SAMSUNG Galaxy A01 - 32GB Azul,399900.0,399900.0,399900.0,07-07-20,399900.0,07-07-20,igual,http://www.alkosto.com/celular-samsung-galaxy-a01-32gb-azul,https://media.aws.alkosto.com/media/catalog/product/cache/6/small_image/280x/4275c8e8146210f1c7867d9f605120ed/8/8/8806090340161_2.jpg
6f6b4b9c97175c83767bbfdde6392bac,telefonos,Nokia,Celular NOKIA 2.3 - 32GB Verde,429900.0,429900.0,429900.0,07-07-20,429900.0,07-07-20,igual,http://www.alkosto.com/celular-nokia-2-3-32gb-verde,https://media.aws.alkosto.com/media/catalog/product/cache/6/small_image/280x/4275c8e8146210f1c7867d9f605120ed/6/4/6438409043573_2.jpg
130c03527dcb54a66d6c6558fedced99,telefonos,Nokia,Celular NOKIA 2.3 - 32GB Negro,429900.0,429900.0,429900.0,07-07-20,429900.0,07-07-20,igual,http://www.alkosto.com/celular-nokia-2-3-32gb-negro,https://media.aws.alkosto.com/media/catalog/product/cache/6/small_image/280x/4275c8e8146210f1c7867d9f605120ed/6/4/6438409042279_2.jpg
3870ec56a1cc24ef30328206120c0190,telefonos,Huawei,Celular HUAWEI Y6 2019 32GB Negro - Midnight Black,469900.0,469900.0,469900.0,07-07-20,469900.0,07-07-20,igual,http://www.alkosto.com/celular-huawei-y6-2019-ds-4g-negro,https://media.aws.alkosto.com/media/catalog/product/cache/6/small_image/280x/4275c8e8146210f1c7867d9f605120ed/_/0/_0006_6901443283545_001.png
7aebe772697981487ddb7958e5755a91,telefonos,Huawei,Celular HUAWEI Y6 2019 32GB Café - Amber Brown,469900.0,469900.0,469900.0,07-07-20,469900.0,07-07-20,igual,http://www.alkosto.com/celular-huawei-y6-2019-ds-4g-cafe,https://media.aws.alkosto.com/media/catalog/product/cache/6/small_image/280x/4275c8e8146210f1c7867d9f605120ed/_/0/_0006_6901443283569_001.png
8d9e510a469e52677b7b9e33e3afd304,telefonos,Motorola,Celular MOTOROLA E6 Plus 64GB Gris,476900.0,476900.0,476900.0,07-07-20,476900.0,07-07-20,igual,http://www.alkosto.com/celular-motorola-e6-plus-64gb-gris,https://media.aws.alkosto.com/media/catalog/product/cache/6/small_image/280x/4275c8e8146210f1c7867d9f605120ed/f/_/f_10.jpg
4565d8eda66f5cff70895d8d4a6fea3f,telefonos,Xiaomi,Celular XIAOMI REDMI 8A 32GB Rojo,479900.0,479900.0,479900.0,07-07-20,479900.0,07-07-20,igual,http://www.alkosto.com/celular-xiaomi-redmi-8a-32gb-rojo,https://media.aws.alkosto.com/media/catalog/product/cache/6/small_image/280x/4275c8e8146210f1c7867d9f605120ed/6/9/6941059630678-1_4.jpg
16fece09e46bc007ab69ca4f0005aab9,telefonos,Xiaomi,Celular XIAOMI REDMI 8A 32GB Azul,479900.0,479900.0,479900.0,07-07-20,479900.0,07-07-20,igual,http://www.alkosto.com/celular-xiaomi-redmi-8a-32gb-azul,https://media.aws.alkosto.com/media/catalog/product/cache/6/small_image/280x/4275c8e8146210f1c7867d9f605120ed/6/9/6941059630678-1_2.jpg
0ec90d318523f836f4504faaa92d9c88,telefonos,Xiaomi,Celular XIAOMI REDMI 8A 32GB Negro,479900.0,479900.0,479900.0,07-07-20,479900.0,07-07-20,igual,http://www.alkosto.com/celular-xiaomi-redmi-8a-32gb-negro,https://media.aws.alkosto.com/media/catalog/product/cache/6/small_image/280x/4275c8e8146210f1c7867d9f605120ed/6/9/6941059630678-1.jpg
d6277536e9ab91ebd49ac3d3edcecc10,telefonos,Samsung,Celular SAMSUNG Galaxy  A10S 32GB Azul,489900.0,489900.0,489900.0,07-07-20,489900.0,07-07-20,igual,http://www.alkosto.com/celular-samsung-galaxy-a10s-32gb-azul,https://media.aws.alkosto.com/media/catalog/product/cache/6/small_image/280x/4275c8e8146210f1c7867d9f605120ed/8/8/8806090029813_2.jpg
c3c72266e023ee614de8e8b5773afccd,telefonos,Samsung,Celular SAMSUNG Galaxy  A10S 32GB Rojo,489900.0,489900.0,489900.0,07-07-20,489900.0,07-07-20,igual,http://www.alkosto.com/celular-samsung-galaxy-a10s-32gb-rojo,https://media.aws.alkosto.com/media/catalog/product/cache/6/small_image/280x/4275c8e8146210f1c7867d9f605120ed/8/8/8806090030239_2.jpg
f439210db95c24c7917d812deb41b026,telefonos,Samsung,Celular SAMSUNG Galaxy  A10S 32GB Negro,489900.0,489900.0,489900.0,07-07-20,489900.0,07-07-20,igual,http://www.alkosto.com/celular-samsung-galaxy-a10s-32gb-negro,https://media.aws.alkosto.com/media/catalog/product/cache/6/small_image/280x/4275c8e8146210f1c7867d9f605120ed/8/8/8806090030192_2.jpg
24aae2c606a804dbc479f8f772a6edb0,telefonos,Lg,Celular LG K41S 32GB Gris,499900.0,499900.0,499900.0,07-07-20,499900.0,07-07-20,igual,http://www.alkosto.com/celular-lg-k41s-32gb-gris,https://media.aws.alkosto.com/media/catalog/product/cache/6/small_image/280x/4275c8e8146210f1c7867d9f605120ed/a/_/a_0007_8806087043914-01.jpg
1e8e964f5fa8110adf5ca896f67504d5,telefonos,Lg,Celular LG K41S 32GB Negro,499900.0,499900.0,499900.0,07-07-20,499900.0,07-07-20,igual,http://www.alkosto.com/celular-lg-k41s-32gb-negro,https://media.aws.alkosto.com/media/catalog/product/cache/6/small_image/280x/4275c8e8146210f1c7867d9f605120ed/a/_/a_0002_8806087043907-07_3.jpg
124417bfea8bfee8f1ed77747b9dbfa0,telefonos,Xiaomi,Celular XIAOMI REDMI 8 -64GB Negro,519900.0,,519900.0,07-07-20,519900.0,07-07-20,nuevo,http://www.alkosto.com/celular-xiaomi-redmi-8-64gb-negro,https://media.aws.alkosto.com/media/catalog/product/cache/6/small_image/280x/4275c8e8146210f1c7867d9f605120ed/6/9/6941059630678-2_5.jpg
3b0be89098ef70999872f0ef4f2ac50c,telefonos,Motorola,Celular MOTOROLA One Macro 64GB Azul - Spaceship Blue,579900.0,579900.0,579900.0,07-07-20,579900.0,07-07-20,igual,http://www.alkosto.com/celular-motorola-one-macro-64gb-azul-spaceship-blue,https://media.aws.alkosto.com/media/catalog/product/cache/6/small_image/280x/4275c8e8146210f1c7867d9f605120ed/_/0/_0000_840023203879.001.png
67a7d65b3b2d931b1072ff1336cbe749,telefonos,Motorola,Celular MOTOROLA One Macro 64Gb Morado - Purpurina,579900.0,579900.0,579900.0,07-07-20,579900.0,07-07-20,igual,http://www.alkosto.com/celular-motorola-one-macro-64gb-morado-purpurina,https://media.aws.alkosto.com/media/catalog/product/cache/6/small_image/280x/4275c8e8146210f1c7867d9f605120ed/_/0/_0004_840023203862.001.png
93a4627c500a28a24f22dacee0516d82,telefonos,Samsung,Celular SAMSUNG Galaxy  A20S 32GB Rojo,599900.0,599900.0,599900.0,07-07-20,599900.0,07-07-20,igual,http://www.alkosto.com/celular-samsung-galaxy-a20s-32gb-rojo,https://media.aws.alkosto.com/media/catalog/product/cache/6/small_image/280x/4275c8e8146210f1c7867d9f605120ed/8/8/8806090070228_1.jpg
bafc573ac77b5a3ffea8db270118723e,telefonos,Samsung,Celular SAMSUNG Galaxy  A20S 32GB Negro,599900.0,599900.0,599900.0,07-07-20,599900.0,07-07-20,igual,http://www.alkosto.com/celular-samsung-galaxy-a20s-32gb-negro,https://media.aws.alkosto.com/media/catalog/product/cache/6/small_image/280x/4275c8e8146210f1c7867d9f605120ed/8/8/8806090070259_1.jpg
c2e44be7244307d057be2971d3a17c55,telefonos,Nokia,Celular NOKIA 6.2 - 64GB Negro,609900.0,609900.0,609900.0,07-07-20,609900.0,07-07-20,igual,http://www.alkosto.com/celular-nokia-6-2-64gb-negro,https://media.aws.alkosto.com/media/catalog/product/cache/6/small_image/280x/4275c8e8146210f1c7867d9f605120ed/6/4/6438409037787_3.jpg
8599e138529b3de15679ae826adf9898,telefonos,Nokia,Celular NOKIA 6.2 - 64GB Menta,609900.0,609900.0,609900.0,07-07-20,609900.0,07-07-20,igual,http://www.alkosto.com/celular-nokia-6-2-64gb-menta,https://media.aws.alkosto.com/media/catalog/product/cache/6/small_image/280x/4275c8e8146210f1c7867d9f605120ed/6/4/6438409042637_2.jpg
67d55ef3800b8a862613eda00f086c2c,telefonos,Lg,Celular LG K51S 64GB Gris,649900.0,649900.0,649900.0,07-07-20,649900.0,07-07-20,igual,http://www.alkosto.com/celular-lg-k51s-64gb-gris,https://media.aws.alkosto.com/media/catalog/product/cache/6/small_image/280x/4275c8e8146210f1c7867d9f605120ed/_/0/_0007_8806087043716-01.jpg
adadcd20cc4e14fb1021bc87cb119812,telefonos,Asus,Celular ASUS Zenfone Max M2 Pro 64G 4G Azul,669900.0,669900.0,669900.0,07-07-20,669900.0,07-07-20,igual,http://www.alkosto.com/celular-asus-zenfone-m2-64g-ds-4g-azul,https://media.aws.alkosto.com/media/catalog/product/cache/6/small_image/280x/4275c8e8146210f1c7867d9f605120ed/4/7/4718017191173_1.jpg
9a971496556e450c0d174c99f474871d,telefonos,Xiaomi,Celular XIAOMI REDMI Note 8 -64GB Negro,689900.0,689900.0,689900.0,07-07-20,689900.0,07-07-20,igual,http://www.alkosto.com/celular-xiaomi-redmi-note-8-64gb-negro,https://media.aws.alkosto.com/media/catalog/product/cache/6/small_image/280x/4275c8e8146210f1c7867d9f605120ed/8/-/8-negro.jpg
c9a215c7c3fc541da1f73ad2f2add238,telefonos,Motorola,Celular MOTOROLA One Action 128GB Azul,689900.0,689900.0,689900.0,07-07-20,689900.0,07-07-20,igual,http://www.alkosto.com/celular-motorola-one-action-128gb-azul,https://media.aws.alkosto.com/media/catalog/product/cache/6/small_image/280x/4275c8e8146210f1c7867d9f605120ed/a/z/azul6_2.jpg
7a1d21e81b11e657cf9e5271d5abb614,telefonos,Motorola,Celular MOTOROLA One Action 128GB Blanco,689900.0,689900.0,689900.0,07-07-20,689900.0,07-07-20,igual,http://www.alkosto.com/celular-motorola-one-action-128gb-blanco,https://media.aws.alkosto.com/media/catalog/product/cache/6/small_image/280x/4275c8e8146210f1c7867d9f605120ed/b/l/blanco4_3.jpg
1383e210063c2f66013be613ec11aafc,telefonos,Motorola,Celular MOTOROLA Moto G5 Plus DS Gris,699900.0,699900.0,699900.0,07-07-20,699900.0,07-07-20,igual,http://www.alkosto.com/celular-motorola-moto-g5-plus-ds-gris,https://media.aws.alkosto.com/media/catalog/product/cache/6/small_image/280x/4275c8e8146210f1c7867d9f605120ed/g/5/g5plusgrisok-1.jpg
a31d49b131970ff0cfcfdc617a1d415e,telefonos,Nokia,Celular NOKIA 5.3 - 64GB Negro,724900.0,724900.0,724900.0,07-07-20,724900.0,07-07-20,igual,http://www.alkosto.com/celular-nokia-5-3-64gb-negro,https://media.aws.alkosto.com/media/catalog/product/cache/6/small_image/280x/4275c8e8146210f1c7867d9f605120ed/_/0/_0003_6438409046277_001.png
0fefb7ebba06637c787d4a95d32845ab,telefonos,Huawei,Celular HUAWEI Y7p 64GB Negro con HMS,729900.0,729900.0,729900.0,07-07-20,729900.0,07-07-20,igual,http://www.alkosto.com/celular-huawei-y7p-64gb-negro-midnight-black,https://media.aws.alkosto.com/media/catalog/product/cache/6/small_image/280x/4275c8e8146210f1c7867d9f605120ed/y/7/y7p_1_negro_1.jpg
e936c0f9175997fba321b581557e9de1,telefonos,Huawei,Celular HUAWEI Y7p 64GB Azul con HMS,729900.0,729900.0,729900.0,07-07-20,729900.0,07-07-20,igual,http://www.alkosto.com/celular-huawei-y7p-64gb-azul-aurora-blue,https://media.aws.alkosto.com/media/catalog/product/cache/6/small_image/280x/4275c8e8146210f1c7867d9f605120ed/1/_/1_0006_y7p_3_bundle.png
3b8e64e8a96f2d65563aeb95481f899c,telefonos,otros,"Combo K40S""Az+Parl+AudBlue",749900.0,749900.0,749900.0,07-07-20,749900.0,07-07-20,igual,http://www.alkosto.com/combo-k40s-az-parl-audblue,https://media.aws.alkosto.com/media/catalog/product/cache/6/small_image/280x/4275c8e8146210f1c7867d9f605120ed/l/g/lg-1_1.jpg
cbe480c45651036ce7da56a3986936e1,telefonos,Motorola,Celular MOTOROLA G8 Plus 64GB Azul,749900.0,749900.0,749900.0,07-07-20,749900.0,07-07-20,igual,http://www.alkosto.com/celular-motorola-g8-plus-64gb-azul,https://media.aws.alkosto.com/media/catalog/product/cache/6/small_image/280x/4275c8e8146210f1c7867d9f605120ed/7/2/723755136403_9.jpg
021a4e8daad6be57bc8f8a0d7a157412,telefonos,Motorola,Celular MOTOROLA G8 Plus 64GB Rojo,749900.0,749900.0,749900.0,07-07-20,749900.0,07-07-20,igual,http://www.alkosto.com/celular-motorola-g8-plus-64gb-rojo,https://media.aws.alkosto.com/media/catalog/product/cache/6/small_image/280x/4275c8e8146210f1c7867d9f605120ed/7/2/723755136410_8.jpg
e6656c2e2ff8af7883a525938ded25d5,telefonos,Huawei,Celular HUAWEI Y9 Prime 128GB  Negro ,749900.0,749900.0,749900.0,07-07-20,749900.0,07-07-20,igual,http://www.alkosto.com/celular-huawei-y9-prime-128gb-negro,https://media.aws.alkosto.com/media/catalog/product/cache/6/small_image/280x/4275c8e8146210f1c7867d9f605120ed/y/9/y9primenegro_01_1.jpg
4accb4a3e6a3d72ad88c97a7b9c552b0,telefonos,Lg,Celular LG K61 - 128GB Blanco,779900.0,779900.0,779900.0,07-07-20,779900.0,07-07-20,igual,http://www.alkosto.com/celular-lg-k61-128gb-blanco,https://media.aws.alkosto.com/media/catalog/product/cache/6/small_image/280x/4275c8e8146210f1c7867d9f605120ed/_/0/_0007_8806087044287-01_2.jpg
5e7afc0147ac8548383d4b9c5fa6315a,telefonos,Lg,Celular LG K61 - 128GB Gris,779900.0,779900.0,779900.0,07-07-20,779900.0,07-07-20,igual,http://www.alkosto.com/celular-lg-k61-128gb-gris,https://media.aws.alkosto.com/media/catalog/product/cache/6/small_image/280x/4275c8e8146210f1c7867d9f605120ed/_/0/_0007_8806087044102-01.jpg
cdf5fefe93e5523539f60745ffa7e2a9,telefonos,Samsung,Celular SAMSUNG Galaxy A21S 64GB Blanco,782900.0,782900.0,782900.0,07-07-20,782900.0,07-07-20,igual,http://www.alkosto.com/celular-samsung-galaxy-a21s-64gb-blanco,https://media.aws.alkosto.com/media/catalog/product/cache/6/small_image/280x/4275c8e8146210f1c7867d9f605120ed/_/0/_0002_8806090523298-001.png
d60cdad0eca23c77fb2b77f8a690a8f1,telefonos,Samsung,Celular SAMSUNG Galaxy A21S 64GB Azul,782900.0,782900.0,782900.0,07-07-20,782900.0,07-07-20,igual,http://www.alkosto.com/celular-samsung-galaxy-a21s-64gb-azul,https://media.aws.alkosto.com/media/catalog/product/cache/6/small_image/280x/4275c8e8146210f1c7867d9f605120ed/_/0/_0002_8806090523687-001.png
ee27531a11a7fdb79761ff982e9b768d,telefonos,Motorola,Celular Libre MOTOROLA Moto G5s Plus DS Gris 4G,782900.0,782900.0,782900.0,07-07-20,782900.0,07-07-20,igual,http://www.alkosto.com/celular-libre-motorola-moto-g5s-plus-ds-gris-4g,https://media.aws.alkosto.com/media/catalog/product/cache/6/small_image/280x/4275c8e8146210f1c7867d9f605120ed/6/9/6947681553026-2.jpg
7117a0b5e58fcade91e571a916a632fb,telefonos,Motorola,Celular Libre MOTOROLA Moto G5s Plus DS Dorado/Rosado 4G,782900.0,782900.0,782900.0,07-07-20,782900.0,07-07-20,igual,http://www.alkosto.com/celular-libre-motorola-moto-g5s-plus-ds-dorado-rosado-4g,https://media.aws.alkosto.com/media/catalog/product/cache/6/small_image/280x/4275c8e8146210f1c7867d9f605120ed/6/9/6947681552098-2.jpg
91f873babe5a1c0399cac5fb8321797b,telefonos,Samsung,Celular SAMSUNG Galaxy A21S 64GB Negro,782900.0,782900.0,782900.0,07-07-20,782900.0,07-07-20,igual,http://www.alkosto.com/celular-samsung-galaxy-a21s-64gb-negro,https://media.aws.alkosto.com/media/catalog/product/cache/6/small_image/280x/4275c8e8146210f1c7867d9f605120ed/_/0/_0002_8806090523496-001.png
9cff6a95c05abf976faf858a04a5fa32,telefonos,Xiaomi,Celular XIAOMI REDMI Note 8 -128GB Blanco,782900.0,,782900.0,07-07-20,782900.0,07-07-20,nuevo,http://www.alkosto.com/celular-xiaomi-redmi-note-8-128gb-blanco,https://media.aws.alkosto.com/media/catalog/product/cache/6/small_image/280x/4275c8e8146210f1c7867d9f605120ed/8/-/8-blanco_1.jpg
fa1a0b47f8dc8a54d75f885960a043ae,telefonos,Huawei,Celular Huawei P30 Lite DS 4G Azul,949900.0,949900.0,949900.0,07-07-20,949900.0,07-07-20,igual,http://www.alkosto.com/cel4g-huawei-p30-lite-az,https://media.aws.alkosto.com/media/catalog/product/cache/6/small_image/280x/4275c8e8146210f1c7867d9f605120ed/6/9/6901443293087_7.jpg
4ed5dce95c8a618fddd5d306fab73870,telefonos,Huawei,Celular Huawei P30 Lite DS 4G Negro ,949900.0,949900.0,949900.0,07-07-20,949900.0,07-07-20,igual,http://www.alkosto.com/celular-huawei-p30-lite-ds-4g-negro,https://media.aws.alkosto.com/media/catalog/product/cache/6/small_image/280x/4275c8e8146210f1c7867d9f605120ed/6/9/6901443293070_7.jpg
bc82d117488ce96478ca568a58c07c72,telefonos,Huawei,Combo Celular Huawei Y8P 128GB Midnight Black con HMS + audífonos Bluetooth CM70 ,1099900.0,1099900.0,1099900.0,07-07-20,1099900.0,07-07-20,igual,http://www.alkosto.com/combo-celular-huawei-y8p-128gb-negro-midnight-black-audifono-cm70,https://media.aws.alkosto.com/media/catalog/product/cache/6/small_image/280x/4275c8e8146210f1c7867d9f605120ed/7/7/7707467665683_001.jpg
f35bef300b62d786380965320984d0eb,telefonos,Huawei,Celular HUAWEI Y9S 128GB Azul Morado,1099900.0,1099900.0,1099900.0,07-07-20,1099900.0,07-07-20,igual,http://www.alkosto.com/celular-huawei-y9s-128gb-azul-morado,https://media.aws.alkosto.com/media/catalog/product/cache/6/small_image/280x/4275c8e8146210f1c7867d9f605120ed/6/9/6901443360031_01.jpg
921f87f922c077a36a92167a029d2b52,telefonos,Huawei,Celular HUAWEI Y9S 128GB Negro,1099900.0,1099900.0,1099900.0,07-07-20,1099900.0,07-07-20,igual,http://www.alkosto.com/celular-huawei-y9s-128gb-negro,https://media.aws.alkosto.com/media/catalog/product/cache/6/small_image/280x/4275c8e8146210f1c7867d9f605120ed/6/9/6901443360024_01.jpg
ec08d7addda02e2721cc61b7868ebdbe,telefonos,Huawei,Combo Celular Huawei Y8P 128GB Breathing Crystal con HMS + audífonos Bluetooth CM70 ,1099900.0,1099900.0,1099900.0,07-07-20,1099900.0,07-07-20,igual,http://www.alkosto.com/combo-celular-huawei-y8p-128gb-azul-morado-breathing-crystal-audifono-cm70,https://media.aws.alkosto.com/media/catalog/product/cache/6/small_image/280x/4275c8e8146210f1c7867d9f605120ed/7/7/7707467660091_001.jpg
d0b8ce7247f3edb5fa208d92c173c0a8,telefonos,Samsung,Celular SAMSUNG Galaxy A31-128 GB Blanco,1149900.0,1149900.0,1149900.0,07-07-20,1149900.0,07-07-20,igual,http://www.alkosto.com/celular-samsung-galaxy-a31-128-gb-blanco,https://media.aws.alkosto.com/media/catalog/product/cache/6/small_image/280x/4275c8e8146210f1c7867d9f605120ed/_/0/_0004_8806090490613-001.jpg
343c162ac6d406e768412b51bc244ec5,telefonos,Samsung,Celular SAMSUNG Galaxy A31-128 GB Negro,1149900.0,1149900.0,1149900.0,07-07-20,1149900.0,07-07-20,igual,http://www.alkosto.com/celular-samsung-galaxy-a31-128-gb-negro,https://media.aws.alkosto.com/media/catalog/product/cache/6/small_image/280x/4275c8e8146210f1c7867d9f605120ed/_/0/_0004_8806090490682-001.jpg
f4710506e0c4ea5f6218ef766405a0be,telefonos,Motorola,Celular MOTOROLA One Fusion 64GB Verde- Dark Esmerald,1199900.0,,1199900.0,07-07-20,1199900.0,07-07-20,nuevo,http://www.alkosto.com/celular-motorola-one-fusion-64gb-verde-dark-esmerald,https://media.aws.alkosto.com/media/catalog/product/cache/6/small_image/280x/4275c8e8146210f1c7867d9f605120ed/_/0/_0005_1753129.07.png
4fd10590deaaeeb2d1ff265869e7180d,telefonos,Xiaomi,Celular XIAOMI REDMI NOTE 9 - 128GB Gris- Midnight Gray,1199900.0,1199900.0,1199900.0,07-07-20,1199900.0,07-07-20,igual,http://www.alkosto.com/celular-xiaomi-redmi-note-9-128gb-gris-midnight-gray,https://media.aws.alkosto.com/media/catalog/product/cache/6/small_image/280x/4275c8e8146210f1c7867d9f605120ed/6/9/6941059646839_003.jpg
a6d585df538426f89ea9f2baacb17538,telefonos,Xiaomi,Celular XIAOMI REDMI NOTE 9 - 128GB Verde - Forest Green,1199900.0,1199900.0,1199900.0,07-07-20,1199900.0,07-07-20,igual,http://www.alkosto.com/celular-xiaomi-redmi-note-9-128gb-verde-forest-green,https://media.aws.alkosto.com/media/catalog/product/cache/6/small_image/280x/4275c8e8146210f1c7867d9f605120ed/6/9/6941059646785_003.jpg
9b1589814c59e514be05651fed113ed4,telefonos,Samsung,Celular SAMSUNG Galaxy A30S 128GB Blanco,1199900.0,749900.0,1199900.0,07-07-20,749900.0,06-07-20,subio,http://www.alkosto.com/celular-samsung-galaxy-a30s-128gb-blanco-1,https://media.aws.alkosto.com/media/catalog/product/cache/6/small_image/280x/4275c8e8146210f1c7867d9f605120ed/_/0/_0003_8806090219542-001.png
444c632300228be94e1627c1914419c8,telefonos,Xiaomi,Celular XIAOMI REDMI NOTE 9 - 128GB Blanco - Polar White,1199900.0,1199900.0,1199900.0,07-07-20,1199900.0,07-07-20,igual,http://www.alkosto.com/celular-xiaomi-redmi-note-9-128gb-blanco-polar-white,https://media.aws.alkosto.com/media/catalog/product/cache/6/small_image/280x/4275c8e8146210f1c7867d9f605120ed/6/9/6941059646808_003.jpg
713c83081b82b9930294e679c82083fc,telefonos,Motorola,Celular MOTOROLA One Fusion 64GB Azul - Deep Saphire,1199900.0,,1199900.0,07-07-20,1199900.0,07-07-20,nuevo,http://www.alkosto.com/celular-motorola-one-fusion-64gb-azul-deep-saphire,https://media.aws.alkosto.com/media/catalog/product/cache/6/small_image/280x/4275c8e8146210f1c7867d9f605120ed/_/0/_0002_1753131.07.png
435cb926c9b580f829d87fbe7444cf14,telefonos,Samsung,Celular SAMSUNG Galaxy M31  128GB Azul + Cover Negro,1249900.0,1249900.0,1249900.0,07-07-20,1249900.0,07-07-20,igual,http://www.alkosto.com/celular-samsung-galaxy-m31-128gb-azul-cover-negro,https://media.aws.alkosto.com/media/catalog/product/cache/6/small_image/280x/4275c8e8146210f1c7867d9f605120ed/7/7/7707222707979_8.jpg
20ae82972fd6d15c3693cdd84321497b,telefonos,Samsung,Celular SAMSUNG Galaxy M31  128GB Negro + Cover Negro,1249900.0,1249900.0,1249900.0,07-07-20,1249900.0,07-07-20,igual,http://www.alkosto.com/celular-samsung-galaxy-m31-128gb-negro-cover-negro,https://media.aws.alkosto.com/media/catalog/product/cache/6/small_image/280x/4275c8e8146210f1c7867d9f605120ed/7/7/7707222705548_1.jpg
5385a8b75b0e9cd50489eb721b02623b,telefonos,Samsung,Celular SAMSUNG Galaxy A51 - 128GB Negro,1249900.0,1249900.0,1249900.0,07-07-20,1249900.0,07-07-20,igual,http://www.alkosto.com/celular-samsung-galaxy-a51-128gb-negro,https://media.aws.alkosto.com/media/catalog/product/cache/6/small_image/280x/4275c8e8146210f1c7867d9f605120ed/8/8/8806090218859_2.jpg
5c4b907bb7ce13c20c83cc2fee9d91b4,telefonos,Samsung,Celular SAMSUNG Galaxy M31  128GB Rojo + Cover Negro,1249900.0,1249900.0,1249900.0,07-07-20,1249900.0,07-07-20,igual,http://www.alkosto.com/celular-samsung-galaxy-m31-128gb-rojo-cover-negro,https://media.aws.alkosto.com/media/catalog/product/cache/6/small_image/280x/4275c8e8146210f1c7867d9f605120ed/7/7/7707222709041_1.jpg
13ba92437b87a9798c27ba770e26f720,telefonos,Samsung,Celular SAMSUNG GaLaxy A51 - 128GB Azul,1249900.0,1249900.0,1249900.0,07-07-20,1249900.0,07-07-20,igual,http://www.alkosto.com/celular-samsung-galaxy-a51-128gb-azul,https://media.aws.alkosto.com/media/catalog/product/cache/6/small_image/280x/4275c8e8146210f1c7867d9f605120ed/8/8/8806090218934_2.jpg
a29e9cc01c40f0ca404c313d0f951359,telefonos,Samsung,Celular SAMSUNG  Galaxy A51 - 128GB Blanco,1249900.0,1249900.0,1249900.0,07-07-20,1249900.0,07-07-20,igual,http://www.alkosto.com/celular-samsung-galaxy-a51-128gb-blanco,https://media.aws.alkosto.com/media/catalog/product/cache/6/small_image/280x/4275c8e8146210f1c7867d9f605120ed/8/8/8806090290350_2.jpg
e5195c03209d78a8385a77736bdba77c,telefonos,Samsung,Celular SAMSUNG Galaxy M31  128GB Azul + Cover Azul,1249900.0,1249900.0,1249900.0,07-07-20,1249900.0,07-07-20,igual,http://www.alkosto.com/celular-samsung-galaxy-m31-128gb-azul-cover-azul,https://media.aws.alkosto.com/media/catalog/product/cache/6/small_image/280x/4275c8e8146210f1c7867d9f605120ed/7/7/7707222700598_1.jpg
efa72e3b500ec749f086f17cd3df97ba,telefonos,Samsung,Celular SAMSUNG Galaxy M31  128GB Negro + Cover Azul,1249900.0,1249900.0,1249900.0,07-07-20,1249900.0,07-07-20,igual,http://www.alkosto.com/celular-samsung-galaxy-m31-128gb-negro-cover-azul,https://media.aws.alkosto.com/media/catalog/product/cache/6/small_image/280x/4275c8e8146210f1c7867d9f605120ed/7/7/7707222706576_8.jpg
c673f66fbb5b41ad1046c524c5854f22,telefonos,Huawei,Celular HUAWEI P30 Lite 256GB Negro - Midnight Black,1259900.0,1259900.0,1259900.0,07-07-20,1259900.0,07-07-20,igual,http://www.alkosto.com/celular-huawei-p30-lite-256gb-negro,https://media.aws.alkosto.com/media/catalog/product/cache/6/small_image/280x/4275c8e8146210f1c7867d9f605120ed/6/9/6901443345878_01_1.jpg
a4f6a965ff1a29db708079c48a00ae75,telefonos,Huawei,Celular HUAWEI P30 Lite 256GB Azul Morado - Nácar,1259900.0,1259900.0,1259900.0,07-07-20,1259900.0,07-07-20,igual,http://www.alkosto.com/celular-huawei-p30-lite-256gb-azul-morado,https://media.aws.alkosto.com/media/catalog/product/cache/6/small_image/280x/4275c8e8146210f1c7867d9f605120ed/6/9/6901443345885_01.jpg
e1252ca40a86ddbea6d8b12c472147e3,telefonos,Motorola,Celular MOTOROLA ONE HYPER 128GB Azul,1374900.0,1374900.0,1374900.0,07-07-20,1374900.0,07-07-20,igual,http://www.alkosto.com/celular-motorola-one-hyper-128gb-azul,https://media.aws.alkosto.com/media/catalog/product/cache/6/small_image/280x/4275c8e8146210f1c7867d9f605120ed/7/2/723755138292_29.jpg
4369d1f0565fe839bf9c0b7ba8afb4b9,telefonos,Xiaomi,Celular XIAOMI REDMI NOTE 9S 128GB Azul,1499900.0,1499900.0,1499900.0,07-07-20,1499900.0,07-07-20,igual,http://www.alkosto.com/celular-xiaomi-redmi-note-9s-128gb-azul,https://media.aws.alkosto.com/media/catalog/product/cache/6/small_image/280x/4275c8e8146210f1c7867d9f605120ed/6/9/6941059643579_1.jpg
ce2f2d90d35bdc4018868b3610929e40,telefonos,Xiaomi,Celular XIAOMI REDMI NOTE 9S 128GB Blanco,1499900.0,1499900.0,1499900.0,07-07-20,1499900.0,07-07-20,igual,http://www.alkosto.com/celular-xiaomi-redmi-note-9s-128gb-blanco,https://media.aws.alkosto.com/media/catalog/product/cache/6/small_image/280x/4275c8e8146210f1c7867d9f605120ed/6/9/6941059643524_1.jpg
907363b320c35ef4ad282e133f1d5f05,telefonos,Xiaomi,Celular XIAOMI REDMI Note 8 Pro 128GB Gris,1499900.0,1499900.0,1499900.0,07-07-20,1499900.0,07-07-20,igual,http://www.alkosto.com/celular-xiaomi-redmi-note-8-pro-128gb-gris,https://media.aws.alkosto.com/media/catalog/product/cache/6/small_image/280x/4275c8e8146210f1c7867d9f605120ed/6/9/6941059630197_2.jpg
3e062bd38ab28107cbe4bb45628e031d,telefonos,Xiaomi,Celular XIAOMI REDMI Note 8 Pro 128GB Blanco,1499900.0,1499900.0,1499900.0,07-07-20,1499900.0,07-07-20,igual,http://www.alkosto.com/celular-xiaomi-redmi-note-8-pro-128gb-blanco,https://media.aws.alkosto.com/media/catalog/product/cache/6/small_image/280x/4275c8e8146210f1c7867d9f605120ed/6/9/6941059630173_2.jpg
ffc46dea74020a2bc3ce28a778fa2fa4,telefonos,Xiaomi,Celular XIAOMI REDMI Note 8 Pro 128GB Verde,1499900.0,1499900.0,1499900.0,07-07-20,1499900.0,07-07-20,igual,http://www.alkosto.com/celular-xiaomi-redmi-note-8-pro-128gb-verde,https://media.aws.alkosto.com/media/catalog/product/cache/6/small_image/280x/4275c8e8146210f1c7867d9f605120ed/6/9/6941059630180_2.jpg
145e7d4951758657703a30628d55a4f1,telefonos,otros,Celular REDMI NOTE 8 PRO 128GB Azul,1499900.0,1499900.0,1499900.0,07-07-20,1499900.0,07-07-20,igual,http://www.alkosto.com/celular-redmi-note-8-pro-128gb-azul,https://media.aws.alkosto.com/media/catalog/product/cache/6/small_image/280x/4275c8e8146210f1c7867d9f605120ed/6/9/6941059633631_1.jpg
d0fade9802c05378c1f2d3852caf90fe,telefonos,Xiaomi,Celular XIAOMI REDMI NOTE 9S 128GB Gris,1499900.0,1499900.0,1499900.0,07-07-20,1499900.0,07-07-20,igual,http://www.alkosto.com/celular-xiaomi-redmi-note-9s-128gb-gris,https://media.aws.alkosto.com/media/catalog/product/cache/6/small_image/280x/4275c8e8146210f1c7867d9f605120ed/6/9/6941059643500_1.jpg
6d1db375f311cf1d045f9786a0b8a76d,telefonos,Motorola,Celular MOTOROLA One Zoom 128GB Gris,1699900.0,1699900.0,1699900.0,07-07-20,1699900.0,07-07-20,igual,http://www.alkosto.com/celular-motorola-one-zoom-128gb-gris,https://media.aws.alkosto.com/media/catalog/product/cache/6/small_image/280x/4275c8e8146210f1c7867d9f605120ed/7/2/723755134515_9.jpg
28daae4f05c85f4e385ab603ee52c23a,telefonos,Iphone,iPhone 7 32GB Plata,1739000.0,1739000.0,1739000.0,07-07-20,1739000.0,07-07-20,igual,http://www.alkosto.com/iphone-7-32gb-plata,https://media.aws.alkosto.com/media/catalog/product/cache/6/small_image/280x/4275c8e8146210f1c7867d9f605120ed/i/p/iphone-7-plata-p1.jpg
0143493493fd9174300fd941a568ea1c,telefonos,Iphone,iPhone 7 32GB Negro Mate,1739000.0,1739000.0,1739000.0,07-07-20,1739000.0,07-07-20,igual,http://www.alkosto.com/iphone-7-32gb-negro-mate,https://media.aws.alkosto.com/media/catalog/product/cache/6/small_image/280x/4275c8e8146210f1c7867d9f605120ed/i/p/iphone-7-ngm-p1.jpg
6c3cb19f46f1f11f568744d5cb2a6581,telefonos,Samsung,Celular SAMSUNG  Galaxy A71 - 128GB Plateado,1799900.0,,1799900.0,07-07-20,1799900.0,07-07-20,nuevo,http://www.alkosto.com/celular-samsung-galaxy-a71-128gb-plateado,https://media.aws.alkosto.com/media/catalog/product/cache/6/small_image/280x/4275c8e8146210f1c7867d9f605120ed/8/8/8806090285158_2.jpg
fa96367e6827fbccc738ff54c4bbd15f,telefonos,Samsung,Celular SAMSUNG  Galaxy A71 - 128GB Azul,1799900.0,1799900.0,1799900.0,07-07-20,1799900.0,07-07-20,igual,http://www.alkosto.com/celular-samsung-galaxy-a71-128gb-azul,https://media.aws.alkosto.com/media/catalog/product/cache/6/small_image/280x/4275c8e8146210f1c7867d9f605120ed/8/8/8806090285233_2.jpg
6a5706c3c1631fcd6c855fc55f4f515f,telefonos,Xiaomi,Celular XIAOMI MI NOTE 10 LITE 128GB Negro - Midnight Black,1999900.0,1999900.0,1999900.0,07-07-20,1999900.0,07-07-20,igual,http://www.alkosto.com/celular-xiaomi-mi-note-10-lite-128gb-negro-midnight-black,https://media.aws.alkosto.com/media/catalog/product/cache/6/small_image/280x/4275c8e8146210f1c7867d9f605120ed/_/0/_0002_6941059641124_001.png
c9b180d9433487c42790d471607520a4,telefonos,Xiaomi,Celular XIAOMI MI NOTE 10 LITE 128GB Blanco - Glacier White,1999900.0,1999900.0,1999900.0,07-07-20,1999900.0,07-07-20,igual,http://www.alkosto.com/celular-xiaomi-mi-note-10-lite-128gb-blanco-glacier-white,https://media.aws.alkosto.com/media/catalog/product/cache/6/small_image/280x/4275c8e8146210f1c7867d9f605120ed/_/0/_0000_6941059641636_003.png
be650dbab85b1bc6edcec2dabedf7958,telefonos,Xiaomi,Celular XIAOMI MI NOTE 10 LITE 128GB Morado - Nebula Purple,1999900.0,1999900.0,1999900.0,07-07-20,1999900.0,07-07-20,igual,http://www.alkosto.com/celular-xiaomi-mi-note-10-lite-128gb-morado-nebula-purple,https://media.aws.alkosto.com/media/catalog/product/cache/6/small_image/280x/4275c8e8146210f1c7867d9f605120ed/_/0/_0002_6941059641629_001.png
ca06e951d0aab8c3b409a89970b7c4b6,telefonos,Iphone,iPhone SE 64GB Negro,2169000.0,2169000.0,2169000.0,07-07-20,2169000.0,07-07-20,igual,http://www.alkosto.com/iphone-se-64gb-negro,https://media.aws.alkosto.com/media/catalog/product/cache/6/small_image/280x/4275c8e8146210f1c7867d9f605120ed/1/9/190199503779_1.jpg
7c3c7dd6a00712cfdeea112585df3173,telefonos,Iphone,iPhone SE 128GB Rojo,2399000.0,2399000.0,2399000.0,07-07-20,2399000.0,07-07-20,igual,http://www.alkosto.com/iphone-se-128gb-rojo,https://media.aws.alkosto.com/media/catalog/product/cache/6/small_image/280x/4275c8e8146210f1c7867d9f605120ed/1/9/190199505841_1.jpg
d8ae1e2ce41c1d6bf5f781a22223f590,telefonos,Iphone,iPhone SE 128GB  Blanco,2399000.0,2399000.0,2399000.0,07-07-20,2399000.0,07-07-20,igual,http://www.alkosto.com/iphone-se-128gb-blanco,https://media.aws.alkosto.com/media/catalog/product/cache/6/small_image/280x/4275c8e8146210f1c7867d9f605120ed/1/9/190199505483_1.jpg
4c43e6975614bd1e1cebb25ca28e0b21,telefonos,Iphone,iPhone SE 128GB  Negro,2399000.0,2399000.0,2399000.0,07-07-20,2399000.0,07-07-20,igual,http://www.alkosto.com/iphone-se-128gb-negro,https://media.aws.alkosto.com/media/catalog/product/cache/6/small_image/280x/4275c8e8146210f1c7867d9f605120ed/1/9/190199505124_1.jpg
9af352e56ad5747ae2f62e6d77b66cad,telefonos,Xiaomi,Celular XIAOMI MI NOTE 10 128GB  Blanco,2499900.0,2499900.0,2499900.0,07-07-20,2499900.0,07-07-20,igual,http://www.alkosto.com/celular-xiaomi-mi-note-10-128gb-blanco,https://media.aws.alkosto.com/media/catalog/product/cache/6/small_image/280x/4275c8e8146210f1c7867d9f605120ed/6/9/6941059636458_5.jpg
5edfcab1948d601a7ded3fbd36e68021,telefonos,Iphone,Celular iPhone XR 64GB 4G Rojo,2899000.0,2899000.0,2899000.0,07-07-20,2899000.0,07-07-20,igual,http://www.alkosto.com/celular-iphone-xr-64gb-ds-4g-rojo,https://media.aws.alkosto.com/media/catalog/product/cache/6/small_image/280x/4275c8e8146210f1c7867d9f605120ed/i/p/iphonexr-red-pureangles_us-en-printrojo.jpg
45218675bf884d90c6292a91cac8577f,telefonos,Iphone,Celular iPhone XR 64GB 4G Negro,2899000.0,2899000.0,2899000.0,07-07-20,2899000.0,07-07-20,igual,http://www.alkosto.com/celular-iphone-xr-64gb-ds-4g-negro,https://media.aws.alkosto.com/media/catalog/product/cache/6/small_image/280x/4275c8e8146210f1c7867d9f605120ed/i/p/iphonexr-black-pureangles_us-en-print3.jpg
dcc2febbbf8c2c830d11c682b2049b2e,telefonos,Iphone,Celular iPhone XR 64GB 4G Blanco,2899000.0,2899000.0,2899000.0,07-07-20,2899000.0,07-07-20,igual,http://www.alkosto.com/celular-iphone-xr-64gb-ds-4g-blanco,https://media.aws.alkosto.com/media/catalog/product/cache/6/small_image/280x/4275c8e8146210f1c7867d9f605120ed/i/p/iphonexr-white-pureangles_us-en-printblanco.jpg
cc9e663eb0554a4436629f4f3ce28e30,telefonos,Samsung,Celular SAMSUNG Galaxy S10 DS 4G Negro,3299900.0,3299900.0,3299900.0,07-07-20,3299900.0,07-07-20,igual,http://www.alkosto.com/celular-samsung-galaxy-s10-ds-4g-negro,https://media.aws.alkosto.com/media/catalog/product/cache/6/small_image/280x/4275c8e8146210f1c7867d9f605120ed/7/7/7707222703223_5_2.jpg
277874a7d7c7861da531bfe27a6e963b,telefonos,Iphone,iPhone 11 64 GB en negro,3449000.0,3449000.0,3449000.0,07-07-20,3449000.0,07-07-20,igual,http://www.alkosto.com/iphone-11-64-gb-en-negro,https://media.aws.alkosto.com/media/catalog/product/cache/6/small_image/280x/4275c8e8146210f1c7867d9f605120ed/1/9/190199221086_10.jpg
7bffc035629a11a7c5de04e88b6cf681,telefonos,Iphone,iPhone 11 64 GB en amarillo,3449000.0,3449000.0,3449000.0,07-07-20,3449000.0,07-07-20,igual,http://www.alkosto.com/iphone-11-64-gb-en-amarillo,https://media.aws.alkosto.com/media/catalog/product/cache/6/small_image/280x/4275c8e8146210f1c7867d9f605120ed/1/9/190199222199_10.jpg
fe2d43960a80767756e4a094211a6bdb,telefonos,Xiaomi,Celular XIAOMI POCOPHONE F2 PRO 256GB Azul- Neon Blue,3499900.0,3499900.0,3499900.0,07-07-20,3499900.0,07-07-20,igual,http://www.alkosto.com/celular-xiaomi-pocophone-f2-pro-256gb-azul-neon-blue,https://media.aws.alkosto.com/media/catalog/product/cache/6/small_image/280x/4275c8e8146210f1c7867d9f605120ed/6/9/6941059644170_001.jpg
b3ed7e9900c9e679c21c31f0cc3d7574,telefonos,Xiaomi,Celular XIAOMI POCOPHONE F2 PRO 256GB Gris- Cyber Gray,3499900.0,3499900.0,3499900.0,07-07-20,3499900.0,07-07-20,igual,http://www.alkosto.com/celular-xiaomi-pocophone-f2-pro-256gb-gris-cyber-gray,https://media.aws.alkosto.com/media/catalog/product/cache/6/small_image/280x/4275c8e8146210f1c7867d9f605120ed/6/9/6941059644125_001.jpg
3ed1b7d00bb4843adc35a80ff77d9539,telefonos,Xiaomi,Celular XIAOMI POCOPHONE F2 PRO 256GB Morado - Electric Purple,3499900.0,3499900.0,3499900.0,07-07-20,3499900.0,07-07-20,igual,http://www.alkosto.com/celular-xiaomi-pocophone-f2-pro-256gb-morado-electric-purple,https://media.aws.alkosto.com/media/catalog/product/cache/6/small_image/280x/4275c8e8146210f1c7867d9f605120ed/6/9/6941059644149_001.jpg
4536316c159f072ee56e4cc39a4d2441,telefonos,Iphone,iPhone 11 128 GB en rojo,3689000.0,3689000.0,3689000.0,07-07-20,3689000.0,07-07-20,igual,http://www.alkosto.com/iphone-11-128-gb-en-rojo,https://media.aws.alkosto.com/media/catalog/product/cache/6/small_image/280x/4275c8e8146210f1c7867d9f605120ed/1/9/190199224049_10.jpg
026684cd820911b8dc7b6167b308a6ff,telefonos,Samsung,Celular SAMSUNG Galaxy S20 128GB Azul Claro,3699900.0,3699900.0,3699900.0,07-07-20,3699900.0,07-07-20,igual,http://www.alkosto.com/celular-samsung-galaxy-s20-128gb-azul-claro,https://media.aws.alkosto.com/media/catalog/product/cache/6/small_image/280x/4275c8e8146210f1c7867d9f605120ed/8/8/8806090322082_2.jpg
a0cba4beb627805006acd04215885c3d,telefonos,Samsung,Celular SAMSUNG Galaxy S20 128GB Gris,3699900.0,3699900.0,3699900.0,07-07-20,3699900.0,07-07-20,igual,http://www.alkosto.com/celular-samsung-galaxy-s20-128gb-gris,https://media.aws.alkosto.com/media/catalog/product/cache/6/small_image/280x/4275c8e8146210f1c7867d9f605120ed/8/8/8806090322044_2.jpg
a1ff157fff5b3f8bd670d35690763b7d,telefonos,Samsung,Celular SAMSUNG Galaxy Note 10 DS 256 GB  Rosado,3799900.0,3799900.0,3799900.0,07-07-20,3799900.0,07-07-20,igual,http://www.alkosto.com/celular-samsung-galaxy-note-10-ds-256-gb-rosado-1,https://media.aws.alkosto.com/media/catalog/product/cache/6/small_image/280x/4275c8e8146210f1c7867d9f605120ed/7/7/7707222704251_4_3.jpg
827d52df8979bba6aec01cd34ac11ce3,telefonos,Huawei,Celular HUAWEI Mate 30 Pro 256GB Morado - Space Silver,3999900.0,3999900.0,3999900.0,07-07-20,3999900.0,07-07-20,igual,http://www.alkosto.com/celular-huawei-mate-30-pro-256gb-morado,https://media.aws.alkosto.com/media/catalog/product/cache/6/small_image/280x/4275c8e8146210f1c7867d9f605120ed/6/9/6901443366187_1.jpg
1ca26722e98178aa59ca8c1f817856d0,telefonos,Samsung,Celular SAMSUNG Galaxy S20 Plus 128GB Negro,4099900.0,4099900.0,4099900.0,07-07-20,4099900.0,07-07-20,igual,http://www.alkosto.com/celular-samsung-galaxy-s20-plus-128gb-negro,https://media.aws.alkosto.com/media/catalog/product/cache/6/small_image/280x/4275c8e8146210f1c7867d9f605120ed/8/8/8806090307263_2.jpg
664f2dfb2fc12d7934ae9a9ed1480fa8,telefonos,Samsung,Celular SAMSUNG Galaxy S20 Plus 128GB Azul Claro,4099900.0,4099900.0,4099900.0,07-07-20,4099900.0,07-07-20,igual,http://www.alkosto.com/celular-samsung-galaxy-s20-plus-128gb-azul-claro,https://media.aws.alkosto.com/media/catalog/product/cache/6/small_image/280x/4275c8e8146210f1c7867d9f605120ed/8/8/8806090306532_2.jpg
cf3fba3b23f250e98d15cc8198e6e025,telefonos,Samsung,Celular SAMSUNG Galaxy S20 Plus 128GB Gris,4099900.0,4099900.0,4099900.0,07-07-20,4099900.0,07-07-20,igual,http://www.alkosto.com/celular-samsung-galaxy-s20-plus-128gb-gris,https://media.aws.alkosto.com/media/catalog/product/cache/6/small_image/280x/4275c8e8146210f1c7867d9f605120ed/8/8/8806090306150_2.jpg
0f7c8c3a8357f0e603d6be35773bea30,telefonos,Samsung,Celular SAMSUNG Galaxy S10 Plus Ceramic 512GB DS 4G Blanco + Galaxy active Gris,4179200.0,4179200.0,4179200.0,07-07-20,4179200.0,07-07-20,igual,http://www.alkosto.com/celular-samsung-galaxy-s10-plus-ceramic-512gb-ds-4g-blanco-galaxy-active-gris,https://media.aws.alkosto.com/media/catalog/product/cache/6/small_image/280x/4275c8e8146210f1c7867d9f605120ed/0/_/0_3.jpg
dec77d625c0f0c5497f058910e5114c7,telefonos,Iphone,Celular iPhone XS 64 GB 4G Gris Espacial,4309000.0,4309000.0,4309000.0,07-07-20,4309000.0,07-07-20,igual,http://www.alkosto.com/celular-iphone-xs-64-gb-4g-gris-espacial,https://media.aws.alkosto.com/media/catalog/product/cache/6/small_image/280x/4275c8e8146210f1c7867d9f605120ed/x/s/xs-negro3_3.jpg
7e2be41b8001d5d670ce016c2ddbf45e,telefonos,Iphone,Celular iPhone XS 64 GB 4G Plata,4309000.0,4309000.0,4309000.0,07-07-20,4309000.0,07-07-20,igual,http://www.alkosto.com/celular-iphone-xs-64-gb-4g-plata,https://media.aws.alkosto.com/media/catalog/product/cache/6/small_image/280x/4275c8e8146210f1c7867d9f605120ed/x/s/xs-plateado_3.jpg
9978218a63d698ff739808aa7c4de274,telefonos,Samsung,Celular SAMSUNG Galaxy Note 10 Plus DS 256 GB Plateado,4399900.0,4399900.0,4399900.0,07-07-20,4399900.0,07-07-20,igual,http://www.alkosto.com/celular-samsung-galaxy-note-10-plus-ds-256-gb-plateado-1,https://media.aws.alkosto.com/media/catalog/product/cache/6/small_image/280x/4275c8e8146210f1c7867d9f605120ed/7/7/7707222704237_23_1_1.jpg
d2ceabec2e3de9fec63dd9c9bfdba9b9,telefonos,Samsung,Celular SAMSUNG Galaxy Note 10 Plus DS 256 GB  Blanco,4399900.0,4399900.0,4399900.0,07-07-20,4399900.0,07-07-20,igual,http://www.alkosto.com/celular-samsung-galaxy-note-10-plus-ds-256-gb-blanco-1,https://media.aws.alkosto.com/media/catalog/product/cache/6/small_image/280x/4275c8e8146210f1c7867d9f605120ed/7/7/7707222704244_4_2_1.jpg
0c451b424b9b9f2d914aea9a5c0d55cb,telefonos,Huawei,Celular HUAWEI P40 Pro 256GB  Azul - Deep Sea Blue,4599900.0,4599900.0,4599900.0,07-07-20,4599900.0,07-07-20,igual,http://www.alkosto.com/celular-huawei-p40-pro-256gb-azul-deep-sea-blue,https://media.aws.alkosto.com/media/catalog/product/cache/6/small_image/280x/4275c8e8146210f1c7867d9f605120ed/6/9/6901443386161_01_p40pro_blue.jpg
559f1f62b508fbb66ae3b70929f80f25,telefonos,Iphone,Celular iPhone XS Max 64 GB 4G Gris Espacial,4749000.0,4749000.0,4749000.0,07-07-20,4749000.0,07-07-20,igual,http://www.alkosto.com/celular-iphone-xs-max-64-gb-4g-gris-espacial,https://media.aws.alkosto.com/media/catalog/product/cache/6/small_image/280x/4275c8e8146210f1c7867d9f605120ed/x/s/xs-negro3_5.jpg
505ea8baaa957ff21697ae979172e914,telefonos,Iphone,Celular iPhone XS Max 64 GB 4G Plata,4749000.0,4749000.0,4749000.0,07-07-20,4749000.0,07-07-20,igual,http://www.alkosto.com/celular-iphone-xs-max-64-gb-4g-plata,https://media.aws.alkosto.com/media/catalog/product/cache/6/small_image/280x/4275c8e8146210f1c7867d9f605120ed/x/s/xs-plateado_5.jpg
764e49445758b687e707a37681e2a3ff,telefonos,Iphone,iPhone 11 Pro 64 GB Oro,4929000.0,4929000.0,4929000.0,07-07-20,4929000.0,07-07-20,igual,http://www.alkosto.com/iphone-11-pro-64-gb-oro,https://media.aws.alkosto.com/media/catalog/product/cache/6/small_image/280x/4275c8e8146210f1c7867d9f605120ed/1/9/190199389281_10.jpg
58cf644e83d579df1f8ef9f57c2a5940,telefonos,Iphone,iPhone 11 Pro 64 GB Gris espacial,4929000.0,,4929000.0,07-07-20,4929000.0,07-07-20,nuevo,http://www.alkosto.com/iphone-11-pro-64-gb-gris-espacial,https://media.aws.alkosto.com/media/catalog/product/cache/6/small_image/280x/4275c8e8146210f1c7867d9f605120ed/1/9/190199388604_11.jpg
39bdad9c034ae85c4a6bb96d00df3c2b,telefonos,Iphone,iPhone 11 Pro 64 GB Plata,4929000.0,4929000.0,4929000.0,07-07-20,4929000.0,07-07-20,igual,http://www.alkosto.com/iphone-11-pro-64-gb-plata,https://media.aws.alkosto.com/media/catalog/product/cache/6/small_image/280x/4275c8e8146210f1c7867d9f605120ed/1/9/190199388949_11.jpg
54279dc0de66c748c8c382bda867ff0e,telefonos,Samsung,Celular SAMSUNG Galaxy S20 Ultra 128GB Gris,5099900.0,5099900.0,5099900.0,07-07-20,5099900.0,07-07-20,igual,http://www.alkosto.com/celular-samsung-galaxy-s20-ultra-128gb-gris,https://media.aws.alkosto.com/media/catalog/product/cache/6/small_image/280x/4275c8e8146210f1c7867d9f605120ed/8/8/8806090411892_2.jpg
d23848209d2ed86e19138a1bae50e3d3,telefonos,Iphone,Celular iPhone XS Max 256 GB 4G Plata,5389000.0,5389000.0,5389000.0,07-07-20,5389000.0,07-07-20,igual,http://www.alkosto.com/celular-iphone-xs-max-256-gb-4g-plata,https://media.aws.alkosto.com/media/catalog/product/cache/6/small_image/280x/4275c8e8146210f1c7867d9f605120ed/x/s/xs-plateado_4.jpg
b5a70abd4534285c958de276adff2c1a,telefonos,Iphone,Celular iPhone XS Max 256 GB 4G Gris Espacial,5389000.0,5389000.0,5389000.0,07-07-20,5389000.0,07-07-20,igual,http://www.alkosto.com/celular-iphone-xs-max-256-gb-4g-gris-espacial,https://media.aws.alkosto.com/media/catalog/product/cache/6/small_image/280x/4275c8e8146210f1c7867d9f605120ed/x/s/xs-negro3_4.jpg
988965729803101bf672d0af4732b0f2,telefonos,Iphone,iPhone 11 Pro Max 64 GB Gris espacial,5429000.0,5429000.0,5429000.0,07-07-20,5429000.0,07-07-20,igual,http://www.alkosto.com/iphone-11-pro-max-64-gb-gris-espacial,https://media.aws.alkosto.com/media/catalog/product/cache/6/small_image/280x/4275c8e8146210f1c7867d9f605120ed/1/9/190199381100_12.jpg
d3d6ae02c4f1ccaf9320a8ce3e65aece,telefonos,Iphone,iPhone 11 Pro Max 64 GB Plata,5429000.0,,5429000.0,07-07-20,5429000.0,07-07-20,nuevo,http://www.alkosto.com/iphone-11-pro-max-64-gb-plata,https://media.aws.alkosto.com/media/catalog/product/cache/6/small_image/280x/4275c8e8146210f1c7867d9f605120ed/1/9/190199381476_11.jpg
a7cb21bea4744063ec4a99d313e2f740,telefonos,Iphone,iPhone 11 Pro Max 64 GB de en verde noche,5429000.0,5429000.0,5429000.0,07-07-20,5429000.0,07-07-20,igual,http://www.alkosto.com/iphone-11-pro-max-64-gb-de-en-verde-noche,https://media.aws.alkosto.com/media/catalog/product/cache/6/small_image/280x/4275c8e8146210f1c7867d9f605120ed/1/9/190199382213_11.jpg
bd915589e92b28516174baee117fec70,telefonos,Iphone,iPhone 11 Pro Max 64 GB Oro,5429000.0,5429000.0,5429000.0,07-07-20,5429000.0,07-07-20,igual,http://www.alkosto.com/iphone-11-pro-max-64-gb-oro,https://media.aws.alkosto.com/media/catalog/product/cache/6/small_image/280x/4275c8e8146210f1c7867d9f605120ed/1/9/190199381841_10.jpg
263740633b6d7e3d267c16f62dacdf2a,telefonos,Iphone,iPhone 11 Pro 256 GB Gris espacial,5669000.0,5669000.0,5669000.0,07-07-20,5669000.0,07-07-20,igual,http://www.alkosto.com/iphone-11-pro-256-gb-gris-espacial,https://media.aws.alkosto.com/media/catalog/product/cache/6/small_image/280x/4275c8e8146210f1c7867d9f605120ed/1/9/190199389960_11.jpg
c34f07b74f3daa0464867c3fa413f519,telefonos,Iphone,Celular iPhone XS 512GB 4G Plata,5809000.0,5809000.0,5809000.0,07-07-20,5809000.0,07-07-20,igual,http://www.alkosto.com/celular-iphone-xs-512gb-4g-plata,https://media.aws.alkosto.com/media/catalog/product/cache/6/small_image/280x/4275c8e8146210f1c7867d9f605120ed/x/s/xs-plateado.jpg
6803c389cf64a38f4db6b054299bb135,telefonos,Samsung,Celular SAMSUNG Galaxy Z FLIP 256GB Morado,5999900.0,5999900.0,5999900.0,07-07-20,5999900.0,07-07-20,igual,http://www.alkosto.com/celular-samsung-galaxy-z-flip-256gb-morado,https://media.aws.alkosto.com/media/catalog/product/cache/6/small_image/280x/4275c8e8146210f1c7867d9f605120ed/_/0/_0002_7707222706965_006_2.jpg
6da819956aeafcc0f5982403354f28f0,telefonos,Samsung,Celular SAMSUNG Galaxy Z FLIP 256GB Negro,5999900.0,5999900.0,5999900.0,07-07-20,5999900.0,07-07-20,igual,http://www.alkosto.com/celular-samsung-galaxy-z-flip-256gb-negro,https://media.aws.alkosto.com/media/catalog/product/cache/6/small_image/280x/4275c8e8146210f1c7867d9f605120ed/_/0/_0000_7707222709980_006_4.jpg
d998bdf42f09ce5cb8920770da8d8331,telefonos,Samsung,Celular SAMSUNG Galaxy ZFLIP 256GB Negro - Mirror Black + Galaxy Buds Plus Negro,5999900.0,5999900.0,5999900.0,07-07-20,5999900.0,07-07-20,igual,http://www.alkosto.com/celular-samsung-galaxy-zflip-256gb-negro-mirror-black-galaxy-buds-plus-negro,https://media.aws.alkosto.com/media/catalog/product/cache/6/small_image/280x/4275c8e8146210f1c7867d9f605120ed/_/0/_0004_7707222709980_002.jpg
9852811778e7a3236b1e173d136c61d2,telefonos,Iphone,Celular iPhone XS Max 512GB 4G Plata ,6239000.0,6239000.0,6239000.0,07-07-20,6239000.0,07-07-20,igual,http://www.alkosto.com/celular-iphone-xs-max-512gb-4g-plata,https://media.aws.alkosto.com/media/catalog/product/cache/6/small_image/280x/4275c8e8146210f1c7867d9f605120ed/x/s/xs-plateado_1.jpg
902a92a7b42eef89aeea4c1ba7c9e8dd,telefonos,Iphone,iPhone 11 Pro Max 512 GB Gris espacial,7159000.0,7159000.0,7159000.0,07-07-20,7159000.0,07-07-20,igual,http://www.alkosto.com/iphone-11-pro-max-512-gb-gris-espacial,https://media.aws.alkosto.com/media/catalog/product/cache/6/small_image/280x/4275c8e8146210f1c7867d9f605120ed/1/9/190199384064_12.jpg
7244def2f671b8d5341ffdeb28f83cfd,telefonos,Samsung,Celular SAMSUNG Galaxy FOLD 512GB Plateado,7499900.0,7499900.0,7499900.0,07-07-20,7499900.0,07-07-20,igual,http://www.alkosto.com/celular-samsung-galaxy-fold-512gb-plateado,https://media.aws.alkosto.com/media/catalog/product/cache/6/small_image/280x/4275c8e8146210f1c7867d9f605120ed/8/8/8801643910754_3.jpg
